{"cameraMode":{"drawMode":0,"name":"Shaded","section":"Shading Mode"},"sceneLighting":true,"audioPlay":false,"sceneViewState":{"m_AlwaysRefresh":false,"showFog":true,"showSkybox":true,"showFlares":true,"showImageEffects":true,"showParticleSystems":true,"showVisualEffectGraphs":true,"m_FxEnabled":true},"in2DMode":false,"pivot":{"x":-0.1039590835571289,"y":0.009199142456054688,"z":0.03951072692871094},"rotation":{"x":-0.0911594107747078,"y":0.8938474059104919,"z":-0.21193931996822358,"w":-0.38446134328842165},"size":7.24180269241333,"orthographic":false}